,date,stock_id,type,value,origin_name
0,2015-09-30,1103,IncomeBeforeIncomeTax,-360186000.0,稅前淨利(淨損)
1,2015-09-30,1103,NetIncome,-316976000.0,本期淨利(淨損)
2,2015-09-30,1103,OperatingExpenses,104911000.0,營業費用
3,2015-09-30,1103,EPS,-0.5,基本每股盈餘（元）
4,2015-09-30,1103,PreTaxIncome,-360186000.0,稅前淨利（淨損）
5,2015-09-30,1103,IncomeFromContinuingOperations,-316976000.0,繼續營業單位本期淨利（淨損）
6,2015-09-30,1103,IncomeAfterTaxes,-316976000.0,本期淨利（淨損）
7,2015-09-30,1103,TotalConsolidatedProfitForThePeriod,-3139708000.0,本期綜合損益總額
8,2015-09-30,1103,Revenue,548822000.0,營業收入
9,2015-09-30,1103,CostOfGoodsSold,596649000.0,營業成本
10,2015-09-30,1103,GrossProfit,-47827000.0,營業毛利（毛損）淨額
11,2015-09-30,1103,OperatingIncome,-146664000.0,營業利益（損失）
12,2015-09-30,1103,TotalNonoperatingIncomeAndExpense,-213522000.0,營業外收入及支出
13,2015-09-30,1103,TAX,-43210000.0,所得稅費用（利益）
14,2015-09-30,1103,OtherComprehensiveIncome,-2822732000.0,其他綜合損益（淨額）
15,2015-09-30,1103,EquityAttributableToOwnersOfParent,-321700000.0,淨利（淨損）歸屬於母公司業主
16,2015-09-30,1103,NoncontrollingInterests,4724000.0,淨利（淨損）歸屬於非控制權益
17,2015-09-30,1103,OTHNOE,6074000.0,其他收益及費損淨額
18,2015-12-31,1103,IncomeBeforeIncomeTax,564695000.0,稅前淨利(淨損)
19,2015-12-31,1103,NetIncome,597903000.0,本期淨利(淨損)
20,2015-12-31,1103,OperatingExpenses,148141000.0,營業費用
21,2015-12-31,1103,EPS,0.96,基本每股盈餘（元）
22,2015-12-31,1103,PreTaxIncome,564695000.0,稅前淨利（淨損）
23,2015-12-31,1103,IncomeFromContinuingOperations,597903000.0,繼續營業單位本期淨利（淨損）
24,2015-12-31,1103,IncomeAfterTaxes,597903000.0,本期淨利（淨損）
25,2015-12-31,1103,TotalConsolidatedProfitForThePeriod,-36711000.0,本期綜合損益總額
26,2015-12-31,1103,Revenue,868907000.0,營業收入
27,2015-12-31,1103,CostOfGoodsSold,845479000.0,營業成本
28,2015-12-31,1103,GrossProfit,23428000.0,營業毛利（毛損）淨額
29,2015-12-31,1103,OperatingIncome,809781000.0,營業利益（損失）
30,2015-12-31,1103,TotalNonoperatingIncomeAndExpense,-245086000.0,營業外收入及支出
31,2015-12-31,1103,TAX,-33208000.0,所得稅費用（利益）
32,2015-12-31,1103,OtherComprehensiveIncome,-634614000.0,其他綜合損益（淨額）
33,2015-12-31,1103,EquityAttributableToOwnersOfParent,622716000.0,淨利（淨損）歸屬於母公司業主
34,2015-12-31,1103,NoncontrollingInterests,-24813000.0,淨利（淨損）歸屬於非控制權益
35,2015-12-31,1103,OTHNOE,934494000.0,其他收益及費損淨額
36,2016-03-31,1103,IncomeBeforeIncomeTax,-191528000.0,稅前淨利(淨損)
37,2016-03-31,1103,NetIncome,-188985000.0,本期淨利(淨損)
38,2016-03-31,1103,OperatingExpenses,87944000.0,營業費用
39,2016-03-31,1103,EPS,-0.29,基本每股盈餘（元）
40,2016-03-31,1103,PreTaxIncome,-191528000.0,稅前淨利（淨損）
41,2016-03-31,1103,IncomeFromContinuingOperations,-188985000.0,繼續營業單位本期淨利（淨損）
42,2016-03-31,1103,IncomeAfterTaxes,-188985000.0,本期淨利（淨損）
43,2016-03-31,1103,TotalConsolidatedProfitForThePeriod,-62013000.0,本期綜合損益總額
44,2016-03-31,1103,Revenue,541218000.0,營業收入
45,2016-03-31,1103,CostOfGoodsSold,544548000.0,營業成本
46,2016-03-31,1103,GrossProfit,-3330000.0,營業毛利（毛損）淨額
47,2016-03-31,1103,OperatingIncome,-91274000.0,營業利益（損失）
48,2016-03-31,1103,TotalNonoperatingIncomeAndExpense,-100254000.0,營業外收入及支出
49,2016-03-31,1103,TAX,-2543000.0,所得稅費用（利益）
50,2016-03-31,1103,OtherComprehensiveIncome,126972000.0,其他綜合損益（淨額）
51,2016-03-31,1103,EquityAttributableToOwnersOfParent,-188620000.0,淨利（淨損）歸屬於母公司業主
52,2016-03-31,1103,NoncontrollingInterests,-365000.0,淨利（淨損）歸屬於非控制權益
53,2016-06-30,1103,IncomeBeforeIncomeTax,-43341000.0,稅前淨利(淨損)
54,2016-06-30,1103,NetIncome,-63416000.0,本期淨利(淨損)
55,2016-06-30,1103,OperatingExpenses,88138000.0,營業費用
56,2016-06-30,1103,EPS,-0.11,基本每股盈餘（元）
57,2016-06-30,1103,PreTaxIncome,-43341000.0,稅前淨利（淨損）
58,2016-06-30,1103,IncomeFromContinuingOperations,-63416000.0,繼續營業單位本期淨利（淨損）
59,2016-06-30,1103,IncomeAfterTaxes,-63416000.0,本期淨利（淨損）
60,2016-06-30,1103,TotalConsolidatedProfitForThePeriod,-549819000.0,本期綜合損益總額
61,2016-06-30,1103,Revenue,820256000.0,營業收入
62,2016-06-30,1103,CostOfGoodsSold,792964000.0,營業成本
63,2016-06-30,1103,GrossProfit,27292000.0,營業毛利（毛損）淨額
64,2016-06-30,1103,OperatingIncome,-60846000.0,營業利益（損失）
65,2016-06-30,1103,TotalNonoperatingIncomeAndExpense,17505000.0,營業外收入及支出
66,2016-06-30,1103,TAX,20075000.0,所得稅費用（利益）
67,2016-06-30,1103,OtherComprehensiveIncome,-486403000.0,其他綜合損益（淨額）
68,2016-06-30,1103,EquityAttributableToOwnersOfParent,-66391000.0,淨利（淨損）歸屬於母公司業主
69,2016-06-30,1103,NoncontrollingInterests,2975000.0,淨利（淨損）歸屬於非控制權益
70,2016-06-30,1103,OTHNOE,0.0,其他收益及費損淨額
71,2016-09-30,1103,IncomeBeforeIncomeTax,163648000.0,稅前淨利(淨損)
72,2016-09-30,1103,NetIncome,148684000.0,本期淨利(淨損)
73,2016-09-30,1103,OperatingExpenses,80083000.0,營業費用
74,2016-09-30,1103,EPS,0.21,基本每股盈餘（元）
75,2016-09-30,1103,PreTaxIncome,163648000.0,稅前淨利（淨損）
76,2016-09-30,1103,IncomeFromContinuingOperations,148684000.0,繼續營業單位本期淨利（淨損）
77,2016-09-30,1103,IncomeAfterTaxes,148684000.0,本期淨利（淨損）
78,2016-09-30,1103,TotalConsolidatedProfitForThePeriod,2537098000.0,本期綜合損益總額
79,2016-09-30,1103,Revenue,743175000.0,營業收入
80,2016-09-30,1103,CostOfGoodsSold,706027000.0,營業成本
81,2016-09-30,1103,GrossProfit,37148000.0,營業毛利（毛損）淨額
82,2016-09-30,1103,OperatingIncome,-42935000.0,營業利益（損失）
83,2016-09-30,1103,TotalNonoperatingIncomeAndExpense,206583000.0,營業外收入及支出
84,2016-09-30,1103,TAX,14964000.0,所得稅費用（利益）
85,2016-09-30,1103,OtherComprehensiveIncome,2388414000.0,其他綜合損益（淨額）
86,2016-09-30,1103,EquityAttributableToOwnersOfParent,135471000.0,淨利（淨損）歸屬於母公司業主
87,2016-09-30,1103,NoncontrollingInterests,13213000.0,淨利（淨損）歸屬於非控制權益
88,2016-09-30,1103,OTHNOE,0.0,其他收益及費損淨額
89,2016-12-31,1103,IncomeBeforeIncomeTax,150382000.0,稅前淨利(淨損)
90,2016-12-31,1103,NetIncome,113523000.0,本期淨利(淨損)
91,2016-12-31,1103,OperatingExpenses,296734000.0,營業費用
92,2016-12-31,1103,EPS,0.23,基本每股盈餘（元）
93,2016-12-31,1103,PreTaxIncome,150382000.0,稅前淨利（淨損）
94,2016-12-31,1103,IncomeFromContinuingOperations,113523000.0,繼續營業單位本期淨利（淨損）
95,2016-12-31,1103,IncomeAfterTaxes,113523000.0,本期淨利（淨損）
96,2016-12-31,1103,TotalConsolidatedProfitForThePeriod,-78537000.0,本期綜合損益總額
97,2016-12-31,1103,Revenue,1035541000.0,營業收入
98,2016-12-31,1103,CostOfGoodsSold,1001230000.0,營業成本
99,2016-12-31,1103,GrossProfit,34311000.0,營業毛利（毛損）淨額
100,2016-12-31,1103,OperatingIncome,-262423000.0,營業利益（損失）
101,2016-12-31,1103,TotalNonoperatingIncomeAndExpense,412805000.0,營業外收入及支出
102,2016-12-31,1103,TAX,36859000.0,所得稅費用（利益）
103,2016-12-31,1103,OtherComprehensiveIncome,-192060000.0,其他綜合損益（淨額）
104,2016-12-31,1103,EquityAttributableToOwnersOfParent,144429000.0,淨利（淨損）歸屬於母公司業主
105,2016-12-31,1103,NoncontrollingInterests,-30906000.0,淨利（淨損）歸屬於非控制權益
106,2016-12-31,1103,OTHNOE,0.0,其他收益及費損淨額
107,2017-03-31,1103,IncomeBeforeIncomeTax,-88529000.0,稅前淨利(淨損)
108,2017-03-31,1103,NetIncome,-107868000.0,本期淨利(淨損)
109,2017-03-31,1103,OperatingExpenses,108263000.0,營業費用
110,2017-03-31,1103,EPS,-0.17,基本每股盈餘（元）
111,2017-03-31,1103,PreTaxIncome,-88529000.0,稅前淨利（淨損）
112,2017-03-31,1103,IncomeFromContinuingOperations,-107868000.0,繼續營業單位本期淨利（淨損）
113,2017-03-31,1103,IncomeAfterTaxes,-107868000.0,本期淨利（淨損）
114,2017-03-31,1103,TotalConsolidatedProfitForThePeriod,920226000.0,本期綜合損益總額
115,2017-03-31,1103,Revenue,598477000.0,營業收入
116,2017-03-31,1103,CostOfGoodsSold,465922000.0,營業成本
117,2017-03-31,1103,GrossProfit,132555000.0,營業毛利（毛損）淨額
118,2017-03-31,1103,OperatingIncome,24292000.0,營業利益（損失）
119,2017-03-31,1103,TotalNonoperatingIncomeAndExpense,-112821000.0,營業外收入及支出
120,2017-03-31,1103,TAX,19339000.0,所得稅費用（利益）
121,2017-03-31,1103,OtherComprehensiveIncome,1028094000.0,其他綜合損益（淨額）
122,2017-03-31,1103,EquityAttributableToOwnersOfParent,-111320000.0,淨利（淨損）歸屬於母公司業主
123,2017-03-31,1103,NoncontrollingInterests,3452000.0,淨利（淨損）歸屬於非控制權益
124,2017-06-30,1103,IncomeBeforeIncomeTax,26300000.0,稅前淨利(淨損)
125,2017-06-30,1103,NetIncome,22562000.0,本期淨利(淨損)
126,2017-06-30,1103,OperatingExpenses,120886000.0,營業費用
127,2017-06-30,1103,EPS,0.01,基本每股盈餘（元）
128,2017-06-30,1103,PreTaxIncome,26300000.0,稅前淨利（淨損）
129,2017-06-30,1103,IncomeFromContinuingOperations,22562000.0,繼續營業單位本期淨利（淨損）
130,2017-06-30,1103,IncomeAfterTaxes,22562000.0,本期淨利（淨損）
131,2017-06-30,1103,TotalConsolidatedProfitForThePeriod,1993353000.0,本期綜合損益總額
132,2017-06-30,1103,Revenue,460407000.0,營業收入
133,2017-06-30,1103,CostOfGoodsSold,414839000.0,營業成本
134,2017-06-30,1103,GrossProfit,45568000.0,營業毛利（毛損）淨額
135,2017-06-30,1103,OperatingIncome,-75318000.0,營業利益（損失）
136,2017-06-30,1103,TotalNonoperatingIncomeAndExpense,101618000.0,營業外收入及支出
137,2017-06-30,1103,TAX,3738000.0,所得稅費用（利益）
138,2017-06-30,1103,OtherComprehensiveIncome,1970791000.0,其他綜合損益（淨額）
139,2017-06-30,1103,EquityAttributableToOwnersOfParent,10590000.0,淨利（淨損）歸屬於母公司業主
140,2017-06-30,1103,NoncontrollingInterests,11972000.0,淨利（淨損）歸屬於非控制權益
141,2017-09-30,1103,IncomeBeforeIncomeTax,74564000.0,稅前淨利(淨損)
142,2017-09-30,1103,NetIncome,73906000.0,本期淨利(淨損)
143,2017-09-30,1103,OperatingExpenses,103717000.0,營業費用
144,2017-09-30,1103,EPS,0.09,基本每股盈餘（元）
145,2017-09-30,1103,PreTaxIncome,74564000.0,稅前淨利（淨損）
146,2017-09-30,1103,IncomeFromContinuingOperations,73906000.0,繼續營業單位本期淨利（淨損）
147,2017-09-30,1103,IncomeAfterTaxes,73906000.0,本期淨利（淨損）
148,2017-09-30,1103,TotalConsolidatedProfitForThePeriod,197555000.0,本期綜合損益總額
149,2017-09-30,1103,Revenue,506346000.0,營業收入
150,2017-09-30,1103,CostOfGoodsSold,448385000.0,營業成本
151,2017-09-30,1103,GrossProfit,57961000.0,營業毛利（毛損）淨額
152,2017-09-30,1103,OperatingIncome,-45756000.0,營業利益（損失）
153,2017-09-30,1103,TotalNonoperatingIncomeAndExpense,120320000.0,營業外收入及支出
154,2017-09-30,1103,TAX,658000.0,所得稅費用（利益）
155,2017-09-30,1103,OtherComprehensiveIncome,123649000.0,其他綜合損益（淨額）
156,2017-09-30,1103,EquityAttributableToOwnersOfParent,57676000.0,淨利（淨損）歸屬於母公司業主
157,2017-09-30,1103,NoncontrollingInterests,16230000.0,淨利（淨損）歸屬於非控制權益
158,2017-12-31,1103,IncomeBeforeIncomeTax,1069210000.0,稅前淨利(淨損)
159,2017-12-31,1103,NetIncome,988709000.0,本期淨利(淨損)
160,2017-12-31,1103,OperatingExpenses,178939000.0,營業費用
161,2017-12-31,1103,EPS,1.46,基本每股盈餘（元）
162,2017-12-31,1103,PreTaxIncome,1069208000.0,稅前淨利（淨損）
163,2017-12-31,1103,IncomeFromContinuingOperations,988709000.0,繼續營業單位本期淨利（淨損）
164,2017-12-31,1103,IncomeAfterTaxes,988709000.0,本期淨利（淨損）
165,2017-12-31,1103,TotalConsolidatedProfitForThePeriod,591493000.0,本期綜合損益總額
166,2017-12-31,1103,Revenue,530377000.0,營業收入
167,2017-12-31,1103,CostOfGoodsSold,484140000.0,營業成本
168,2017-12-31,1103,GrossProfit,46237000.0,營業毛利（毛損）淨額
169,2017-12-31,1103,OperatingIncome,-132702000.0,營業利益（損失）
170,2017-12-31,1103,TotalNonoperatingIncomeAndExpense,1201910000.0,營業外收入及支出
171,2017-12-31,1103,TAX,80499000.0,所得稅費用（利益）
172,2017-12-31,1103,OtherComprehensiveIncome,-397216000.0,其他綜合損益（淨額）
173,2017-12-31,1103,EquityAttributableToOwnersOfParent,938252000.0,淨利（淨損）歸屬於母公司業主
174,2017-12-31,1103,NoncontrollingInterests,50457000.0,淨利（淨損）歸屬於非控制權益
175,2018-03-31,1103,IncomeBeforeIncomeTax,193386000.0,稅前淨利(淨損)
176,2018-03-31,1103,NetIncome,160164000.0,本期淨利(淨損)
177,2018-03-31,1103,OperatingExpenses,105480000.0,營業費用
178,2018-03-31,1103,TAX,33222000.0,所得稅費用（利益）
179,2018-03-31,1103,EPS,0.24,基本每股盈餘（元）
180,2018-03-31,1103,PreTaxIncome,193386000.0,稅前淨利（淨損）
181,2018-03-31,1103,IncomeFromContinuingOperations,160164000.0,繼續營業單位本期淨利（淨損）
182,2018-03-31,1103,IncomeAfterTaxes,160164000.0,本期淨利（淨損）
183,2018-03-31,1103,TotalConsolidatedProfitForThePeriod,218315000.0,本期綜合損益總額
184,2018-03-31,1103,Revenue,471257000.0,營業收入
185,2018-03-31,1103,CostOfGoodsSold,416427000.0,營業成本
186,2018-03-31,1103,GrossProfit,54830000.0,營業毛利（毛損）淨額
187,2018-03-31,1103,OperatingIncome,-50650000.0,營業利益（損失）
188,2018-03-31,1103,TotalNonoperatingIncomeAndExpense,244036000.0,營業外收入及支出
189,2018-03-31,1103,OtherComprehensiveIncome,58151000.0,其他綜合損益（淨額）
190,2018-03-31,1103,EquityAttributableToOwnersOfParent,152305000.0,淨利（淨損）歸屬於母公司業主
191,2018-03-31,1103,NoncontrollingInterests,7859000.0,淨利（淨損）歸屬於非控制權益
192,2018-06-30,1103,IncomeBeforeIncomeTax,19020000.0,稅前淨利(淨損)
193,2018-06-30,1103,NetIncome,281482000.0,本期淨利(淨損)
194,2018-06-30,1103,OperatingExpenses,61211000.0,營業費用
195,2018-06-30,1103,TAX,53221000.0,所得稅費用（利益）
196,2018-06-30,1103,EPS,0.38,基本每股盈餘（元）
197,2018-06-30,1103,PreTaxIncome,19020000.0,稅前淨利（淨損）
198,2018-06-30,1103,IncomeFromContinuingOperations,-34201000.0,繼續營業單位本期淨利（淨損）
199,2018-06-30,1103,IncomeAfterTaxes,281482000.0,本期淨利（淨損）
200,2018-06-30,1103,TotalConsolidatedProfitForThePeriod,1726168000.0,本期綜合損益總額
201,2018-06-30,1103,Revenue,529670000.0,營業收入
202,2018-06-30,1103,CostOfGoodsSold,439665000.0,營業成本
203,2018-06-30,1103,GrossProfit,90005000.0,營業毛利（毛損）淨額
204,2018-06-30,1103,OperatingIncome,28794000.0,營業利益（損失）
205,2018-06-30,1103,TotalNonoperatingIncomeAndExpense,-9774000.0,營業外收入及支出
206,2018-06-30,1103,OtherComprehensiveIncome,1444686000.0,其他綜合損益（淨額）
207,2018-06-30,1103,EquityAttributableToOwnersOfParent,246811000.0,淨利（淨損）歸屬於母公司業主
208,2018-06-30,1103,NoncontrollingInterests,34671000.0,淨利（淨損）歸屬於非控制權益
209,2018-06-30,1103,IncomeLossFromDiscontinuedOperation,315683000.0,停業單位損益
210,2018-09-30,1103,IncomeBeforeIncomeTax,531826000.0,稅前淨利(淨損)
211,2018-09-30,1103,NetIncome,533950000.0,本期淨利(淨損)
212,2018-09-30,1103,OperatingExpenses,91379000.0,營業費用
213,2018-09-30,1103,TAX,-10961000.0,所得稅費用（利益）
214,2018-09-30,1103,EPS,0.75,基本每股盈餘（元）
215,2018-09-30,1103,PreTaxIncome,531826000.0,稅前淨利（淨損）
216,2018-09-30,1103,IncomeFromContinuingOperations,542787000.0,繼續營業單位本期淨利（淨損）
217,2018-09-30,1103,IncomeAfterTaxes,533950000.0,本期淨利（淨損）
218,2018-09-30,1103,TotalConsolidatedProfitForThePeriod,1268737000.0,本期綜合損益總額
219,2018-09-30,1103,Revenue,494280000.0,營業收入
220,2018-09-30,1103,CostOfGoodsSold,419665000.0,營業成本
221,2018-09-30,1103,GrossProfit,74615000.0,營業毛利（毛損）淨額
222,2018-09-30,1103,OperatingIncome,-16764000.0,營業利益（損失）
223,2018-09-30,1103,TotalNonoperatingIncomeAndExpense,548590000.0,營業外收入及支出
224,2018-09-30,1103,OtherComprehensiveIncome,734787000.0,其他綜合損益（淨額）
225,2018-09-30,1103,EquityAttributableToOwnersOfParent,483850000.0,淨利（淨損）歸屬於母公司業主
226,2018-09-30,1103,NoncontrollingInterests,50100000.0,淨利（淨損）歸屬於非控制權益
227,2018-09-30,1103,IncomeLossFromDiscontinuedOperation,-8837000.0,停業單位損益
228,2018-12-31,1103,IncomeBeforeIncomeTax,-316352000.0,稅前淨利(淨損)
229,2018-12-31,1103,NetIncome,-206473000.0,本期淨利(淨損)
230,2018-12-31,1103,OperatingExpenses,134019000.0,營業費用
231,2018-12-31,1103,TAX,97801000.0,所得稅費用（利益）
232,2018-12-31,1103,EPS,-0.28,基本每股盈餘（元）
233,2018-12-31,1103,PreTaxIncome,-316352000.0,稅前淨利（淨損）
234,2018-12-31,1103,IncomeFromContinuingOperations,-414153000.0,繼續營業單位本期淨利（淨損）
235,2018-12-31,1103,IncomeAfterTaxes,-206473000.0,本期淨利（淨損）
236,2018-12-31,1103,TotalConsolidatedProfitForThePeriod,-1732747000.0,本期綜合損益總額
237,2018-12-31,1103,Revenue,597199000.0,營業收入
238,2018-12-31,1103,CostOfGoodsSold,528161000.0,營業成本
239,2018-12-31,1103,GrossProfit,69038000.0,營業毛利（毛損）淨額
240,2018-12-31,1103,OperatingIncome,-64981000.0,營業利益（損失）
241,2018-12-31,1103,TotalNonoperatingIncomeAndExpense,-251371000.0,營業外收入及支出
242,2018-12-31,1103,OtherComprehensiveIncome,-1526274000.0,其他綜合損益（淨額）
243,2018-12-31,1103,EquityAttributableToOwnersOfParent,-183211000.0,淨利（淨損）歸屬於母公司業主
244,2018-12-31,1103,NoncontrollingInterests,-23262000.0,淨利（淨損）歸屬於非控制權益
245,2018-12-31,1103,IncomeLossFromDiscontinuedOperation,207680000.0,停業單位損益
246,2019-03-31,1103,IncomeBeforeIncomeTax,171491000.0,稅前淨利(淨損)
247,2019-03-31,1103,NetIncome,148581000.0,本期淨利(淨損)
248,2019-03-31,1103,OperatingExpenses,121189000.0,營業費用
249,2019-03-31,1103,TAX,23761000.0,所得稅費用（利益）
250,2019-03-31,1103,IncomeLossFromDiscontinuedOperation,851000.0,停業單位損益
251,2019-03-31,1103,EPS,0.2,基本每股盈餘（元）
252,2019-03-31,1103,PreTaxIncome,171491000.0,稅前淨利（淨損）
253,2019-03-31,1103,IncomeFromContinuingOperations,147730000.0,繼續營業單位本期淨利（淨損）
254,2019-03-31,1103,IncomeAfterTaxes,148581000.0,本期淨利（淨損）
255,2019-03-31,1103,TotalConsolidatedProfitForThePeriod,1771613000.0,本期綜合損益總額
256,2019-03-31,1103,Revenue,452376000.0,營業收入
257,2019-03-31,1103,CostOfGoodsSold,387155000.0,營業成本
258,2019-03-31,1103,GrossProfit,65221000.0,營業毛利（毛損）淨額
259,2019-03-31,1103,OperatingIncome,-55968000.0,營業利益（損失）
260,2019-03-31,1103,TotalNonoperatingIncomeAndExpense,227459000.0,營業外收入及支出
261,2019-03-31,1103,OtherComprehensiveIncome,1623032000.0,其他綜合損益（淨額）
262,2019-03-31,1103,EquityAttributableToOwnersOfParent,126476000.0,淨利（淨損）歸屬於母公司業主
263,2019-03-31,1103,NoncontrollingInterests,22105000.0,淨利（淨損）歸屬於非控制權益
264,2019-06-30,1103,IncomeBeforeIncomeTax,133489000.0,稅前淨利(淨損)
265,2019-06-30,1103,NetIncome,639750000.0,本期淨利(淨損)
266,2019-06-30,1103,OperatingExpenses,112139000.0,營業費用
267,2019-06-30,1103,TAX,96543000.0,所得稅費用（利益）
268,2019-06-30,1103,IncomeLossFromDiscontinuedOperation,602804000.0,停業單位損益
269,2019-06-30,1103,EPS,0.93,基本每股盈餘（元）
270,2019-06-30,1103,PreTaxIncome,133489000.0,稅前淨利（淨損）
271,2019-06-30,1103,IncomeFromContinuingOperations,36946000.0,繼續營業單位本期淨利（淨損）
272,2019-06-30,1103,IncomeAfterTaxes,639750000.0,本期淨利（淨損）
273,2019-06-30,1103,TotalConsolidatedProfitForThePeriod,2035798000.0,本期綜合損益總額
274,2019-06-30,1103,Revenue,438033000.0,營業收入
275,2019-06-30,1103,CostOfGoodsSold,384622000.0,營業成本
276,2019-06-30,1103,GrossProfit,53411000.0,營業毛利（毛損）淨額
277,2019-06-30,1103,OperatingIncome,-58728000.0,營業利益（損失）
278,2019-06-30,1103,TotalNonoperatingIncomeAndExpense,192217000.0,營業外收入及支出
279,2019-06-30,1103,OtherComprehensiveIncome,1396048000.0,其他綜合損益（淨額）
280,2019-06-30,1103,EquityAttributableToOwnersOfParent,601875000.0,淨利（淨損）歸屬於母公司業主
281,2019-06-30,1103,NoncontrollingInterests,37875000.0,淨利（淨損）歸屬於非控制權益
282,2019-09-30,1103,IncomeBeforeIncomeTax,818555000.0,稅前淨利(淨損)
283,2019-09-30,1103,NetIncome,808188000.0,本期淨利(淨損)
284,2019-09-30,1103,OperatingExpenses,152909000.0,營業費用
285,2019-09-30,1103,TAX,10701000.0,所得稅費用（利益）
286,2019-09-30,1103,IncomeLossFromDiscontinuedOperation,334000.0,停業單位損益
287,2019-09-30,1103,EPS,1.18,基本每股盈餘（元）
288,2019-09-30,1103,PreTaxIncome,818555000.0,稅前淨利（淨損）
289,2019-09-30,1103,IncomeFromContinuingOperations,807854000.0,繼續營業單位本期淨利（淨損）
290,2019-09-30,1103,IncomeAfterTaxes,808188000.0,本期淨利（淨損）
291,2019-09-30,1103,TotalConsolidatedProfitForThePeriod,-233065000.0,本期綜合損益總額
292,2019-09-30,1103,Revenue,472584000.0,營業收入
293,2019-09-30,1103,CostOfGoodsSold,431030000.0,營業成本
294,2019-09-30,1103,GrossProfit,41554000.0,營業毛利（毛損）淨額
295,2019-09-30,1103,OperatingIncome,-111355000.0,營業利益（損失）
296,2019-09-30,1103,TotalNonoperatingIncomeAndExpense,929910000.0,營業外收入及支出
297,2019-09-30,1103,OtherComprehensiveIncome,-1041253000.0,其他綜合損益（淨額）
298,2019-09-30,1103,EquityAttributableToOwnersOfParent,756768000.0,淨利（淨損）歸屬於母公司業主
299,2019-09-30,1103,NoncontrollingInterests,51420000.0,淨利（淨損）歸屬於非控制權益
300,2019-12-31,1103,IncomeBeforeIncomeTax,-137764000.0,稅前淨利(淨損)
301,2019-12-31,1103,NetIncome,-187848000.0,本期淨利(淨損)
302,2019-12-31,1103,OperatingExpenses,247146000.0,營業費用
303,2019-12-31,1103,TAX,36256000.0,所得稅費用（利益）
304,2019-12-31,1103,IncomeLossFromDiscontinuedOperation,-13828000.0,停業單位損益
305,2019-12-31,1103,EPS,-0.29,基本每股盈餘（元）
306,2019-12-31,1103,PreTaxIncome,-137764000.0,稅前淨利（淨損）
307,2019-12-31,1103,IncomeFromContinuingOperations,-174020000.0,繼續營業單位本期淨利（淨損）
308,2019-12-31,1103,IncomeAfterTaxes,-187848000.0,本期淨利（淨損）
309,2019-12-31,1103,TotalConsolidatedProfitForThePeriod,975466000.0,本期綜合損益總額
310,2019-12-31,1103,Revenue,521009000.0,營業收入
311,2019-12-31,1103,CostOfGoodsSold,482598000.0,營業成本
312,2019-12-31,1103,GrossProfit,38411000.0,營業毛利（毛損）淨額
313,2019-12-31,1103,OperatingIncome,-208735000.0,營業利益（損失）
314,2019-12-31,1103,TotalNonoperatingIncomeAndExpense,70971000.0,營業外收入及支出
315,2019-12-31,1103,OtherComprehensiveIncome,1163314000.0,其他綜合損益（淨額）
316,2019-12-31,1103,EquityAttributableToOwnersOfParent,-187646000.0,淨利（淨損）歸屬於母公司業主
317,2019-12-31,1103,NoncontrollingInterests,-202000.0,淨利（淨損）歸屬於非控制權益
318,2020-03-31,1103,OperatingExpenses,139428000.0,營業費用
319,2020-03-31,1103,TAX,11236000.0,所得稅費用（利益）
320,2020-03-31,1103,IncomeLossFromDiscontinuedOperation,2777000.0,停業單位損益
321,2020-03-31,1103,EPS,-0.33,基本每股盈餘（元）
322,2020-03-31,1103,PreTaxIncome,-205735000.0,稅前淨利（淨損）
323,2020-03-31,1103,IncomeFromContinuingOperations,-216971000.0,繼續營業單位本期淨利（淨損）
324,2020-03-31,1103,IncomeAfterTaxes,-214194000.0,本期淨利（淨損）
325,2020-03-31,1103,TotalConsolidatedProfitForThePeriod,-1731713000.0,本期綜合損益總額
326,2020-03-31,1103,Revenue,495334000.0,營業收入
327,2020-03-31,1103,CostOfGoodsSold,514817000.0,營業成本
328,2020-03-31,1103,GrossProfit,-19483000.0,營業毛利（毛損）淨額
329,2020-03-31,1103,OperatingIncome,-158911000.0,營業利益（損失）
330,2020-03-31,1103,TotalNonoperatingIncomeAndExpense,-46824000.0,營業外收入及支出
331,2020-03-31,1103,OtherComprehensiveIncome,-1517519000.0,其他綜合損益（淨額）
332,2020-03-31,1103,EquityAttributableToOwnersOfParent,-210089000.0,淨利（淨損）歸屬於母公司業主
333,2020-03-31,1103,NoncontrollingInterests,-4105000.0,淨利（淨損）歸屬於非控制權益
334,2020-06-30,1103,OperatingExpenses,155460000.0,營業費用
335,2020-06-30,1103,TAX,184047000.0,所得稅費用（利益）
336,2020-06-30,1103,IncomeLossFromDiscontinuedOperation,-1278000.0,停業單位損益
337,2020-06-30,1103,EPS,0.22,基本每股盈餘（元）
338,2020-06-30,1103,PreTaxIncome,347772000.0,稅前淨利（淨損）
339,2020-06-30,1103,IncomeFromContinuingOperations,163725000.0,繼續營業單位本期淨利（淨損）
340,2020-06-30,1103,IncomeAfterTaxes,162447000.0,本期淨利（淨損）
341,2020-06-30,1103,TotalConsolidatedProfitForThePeriod,1093788000.0,本期綜合損益總額
342,2020-06-30,1103,Revenue,496985000.0,營業收入
343,2020-06-30,1103,CostOfGoodsSold,500085000.0,營業成本
344,2020-06-30,1103,GrossProfit,-3100000.0,營業毛利（毛損）淨額
345,2020-06-30,1103,OperatingIncome,-158560000.0,營業利益（損失）
346,2020-06-30,1103,TotalNonoperatingIncomeAndExpense,506332000.0,營業外收入及支出
347,2020-06-30,1103,OtherComprehensiveIncome,931341000.0,其他綜合損益（淨額）
348,2020-06-30,1103,EquityAttributableToOwnersOfParent,139876000.0,淨利（淨損）歸屬於母公司業主
349,2020-06-30,1103,NoncontrollingInterests,22571000.0,淨利（淨損）歸屬於非控制權益
350,2020-09-30,1103,OperatingExpenses,159850000.0,營業費用
351,2020-09-30,1103,TAX,6365000.0,所得稅費用（利益）
352,2020-09-30,1103,IncomeLossFromDiscontinuedOperation,0.0,停業單位損益
353,2020-09-30,1103,EPS,0.93,基本每股盈餘（元）
354,2020-09-30,1103,PreTaxIncome,651657000.0,稅前淨利（淨損）
355,2020-09-30,1103,IncomeFromContinuingOperations,645292000.0,繼續營業單位本期淨利（淨損）
356,2020-09-30,1103,IncomeAfterTaxes,645292000.0,本期淨利（淨損）
357,2020-09-30,1103,TotalConsolidatedProfitForThePeriod,848433000.0,本期綜合損益總額
358,2020-09-30,1103,Revenue,489170000.0,營業收入
359,2020-09-30,1103,CostOfGoodsSold,507476000.0,營業成本
360,2020-09-30,1103,GrossProfit,-18306000.0,營業毛利（毛損）淨額
361,2020-09-30,1103,OperatingIncome,-178156000.0,營業利益（損失）
362,2020-09-30,1103,TotalNonoperatingIncomeAndExpense,829813000.0,營業外收入及支出
363,2020-09-30,1103,OtherComprehensiveIncome,203141000.0,其他綜合損益（淨額）
364,2020-09-30,1103,EquityAttributableToOwnersOfParent,595462000.0,淨利（淨損）歸屬於母公司業主
365,2020-09-30,1103,NoncontrollingInterests,49830000.0,淨利（淨損）歸屬於非控制權益
366,2020-12-31,1103,OperatingExpenses,148417000.0,營業費用
367,2020-12-31,1103,TAX,67899000.0,所得稅費用（利益）
368,2020-12-31,1103,IncomeLossFromDiscontinuedOperation,0.0,停業單位損益
369,2020-12-31,1103,EPS,1.92,基本每股盈餘（元）
370,2020-12-31,1103,PreTaxIncome,1312348000.0,稅前淨利（淨損）
371,2020-12-31,1103,IncomeFromContinuingOperations,1244449000.0,繼續營業單位本期淨利（淨損）
372,2020-12-31,1103,IncomeAfterTaxes,1244449000.0,本期淨利（淨損）
373,2020-12-31,1103,TotalConsolidatedProfitForThePeriod,1927715000.0,本期綜合損益總額
374,2020-12-31,1103,Revenue,576928000.0,營業收入
375,2020-12-31,1103,CostOfGoodsSold,679780000.0,營業成本
376,2020-12-31,1103,GrossProfit,-102852000.0,營業毛利（毛損）淨額
377,2020-12-31,1103,OperatingIncome,1318194000.0,營業利益（損失）
378,2020-12-31,1103,TotalNonoperatingIncomeAndExpense,-5846000.0,營業外收入及支出
379,2020-12-31,1103,OtherComprehensiveIncome,683266000.0,其他綜合損益（淨額）
380,2020-12-31,1103,EquityAttributableToOwnersOfParent,1239117000.0,淨利（淨損）歸屬於母公司業主
381,2020-12-31,1103,NoncontrollingInterests,5332000.0,淨利（淨損）歸屬於非控制權益
382,2020-12-31,1103,OTHNOE,1569463000.0,其他收益及費損淨額
383,2021-03-31,1103,OperatingExpenses,125049000.0,營業費用
384,2021-03-31,1103,TAX,9475000.0,所得稅費用（利益）
385,2021-03-31,1103,IncomeLossFromDiscontinuedOperation,0.0,停業單位損益
386,2021-03-31,1103,EPS,-0.2,基本每股盈餘（元）
387,2021-03-31,1103,PreTaxIncome,-110830000.0,稅前淨利（淨損）
388,2021-03-31,1103,IncomeFromContinuingOperations,-120305000.0,繼續營業單位本期淨利（淨損）
389,2021-03-31,1103,IncomeAfterTaxes,-120305000.0,本期淨利（淨損）
390,2021-03-31,1103,TotalConsolidatedProfitForThePeriod,934682000.0,本期綜合損益總額
391,2021-03-31,1103,Revenue,544526000.0,營業收入
392,2021-03-31,1103,CostOfGoodsSold,554747000.0,營業成本
393,2021-03-31,1103,OperatingIncome,-135270000.0,營業利益（損失）
394,2021-03-31,1103,TotalNonoperatingIncomeAndExpense,24440000.0,營業外收入及支出
395,2021-03-31,1103,OtherComprehensiveIncome,1054987000.0,其他綜合損益（淨額）
396,2021-03-31,1103,GrossProfit,-10221000.0,營業毛利（毛損）
397,2021-03-31,1103,EquityAttributableToOwnersOfParent,-127102000.0,淨利（淨損）歸屬於母公司業主
398,2021-03-31,1103,NoncontrollingInterests,6797000.0,淨利（淨損）歸屬於非控制權益
399,2021-03-31,1103,ComprehensiveIncomeConsolidatedNetIncomeAttributedNonControllingInterest,49408000.0,綜合損益總額歸屬於非控制權益
400,2021-06-30,1103,OperatingExpenses,161317000.0,營業費用
401,2021-06-30,1103,TAX,-16885000.0,所得稅費用（利益）
402,2021-06-30,1103,IncomeLossFromDiscontinuedOperation,0.0,停業單位損益
403,2021-06-30,1103,EPS,-0.25,基本每股盈餘（元）
404,2021-06-30,1103,PreTaxIncome,-171152000.0,稅前淨利（淨損）
405,2021-06-30,1103,IncomeFromContinuingOperations,-154267000.0,繼續營業單位本期淨利（淨損）
406,2021-06-30,1103,IncomeAfterTaxes,-154267000.0,本期淨利（淨損）
407,2021-06-30,1103,TotalConsolidatedProfitForThePeriod,1104658000.0,本期綜合損益總額
408,2021-06-30,1103,Revenue,550388000.0,營業收入
409,2021-06-30,1103,CostOfGoodsSold,550202000.0,營業成本
410,2021-06-30,1103,OperatingIncome,-161131000.0,營業利益（損失）
411,2021-06-30,1103,TotalNonoperatingIncomeAndExpense,-10021000.0,營業外收入及支出
412,2021-06-30,1103,OtherComprehensiveIncome,1258925000.0,其他綜合損益（淨額）
413,2021-06-30,1103,GrossProfit,186000.0,營業毛利（毛損）
414,2021-06-30,1103,EquityAttributableToOwnersOfParent,-162491000.0,淨利（淨損）歸屬於母公司業主
415,2021-06-30,1103,NoncontrollingInterests,8224000.0,淨利（淨損）歸屬於非控制權益
416,2021-06-30,1103,ComprehensiveIncomeConsolidatedNetIncomeAttributedNonControllingInterest,56283000.0,綜合損益總額歸屬於非控制權益
417,2021-09-30,1103,OperatingExpenses,156060000.0,營業費用
418,2021-09-30,1103,TAX,27679000.0,所得稅費用（利益）
419,2021-09-30,1103,IncomeLossFromDiscontinuedOperation,0.0,停業單位損益
420,2021-09-30,1103,PreTaxIncome,982346000.0,稅前淨利（淨損）
421,2021-09-30,1103,IncomeFromContinuingOperations,954667000.0,繼續營業單位本期淨利（淨損）
422,2021-09-30,1103,IncomeAfterTaxes,954667000.0,本期淨利（淨損）
423,2021-09-30,1103,TotalConsolidatedProfitForThePeriod,869654000.0,本期綜合損益總額
424,2021-09-30,1103,Revenue,560318000.0,營業收入
425,2021-09-30,1103,CostOfGoodsSold,547228000.0,營業成本
426,2021-09-30,1103,OperatingIncome,-142970000.0,營業利益（損失）
427,2021-09-30,1103,TotalNonoperatingIncomeAndExpense,1125316000.0,營業外收入及支出
428,2021-09-30,1103,OtherComprehensiveIncome,-85013000.0,其他綜合損益（淨額）
429,2021-09-30,1103,EquityAttributableToOwnersOfParent,886623000.0,淨利（淨損）歸屬於母公司業主
430,2021-09-30,1103,NoncontrollingInterests,68044000.0,淨利（淨損）歸屬於非控制權益
431,2021-09-30,1103,GrossProfit,13090000.0,營業毛利（毛損）
432,2021-09-30,1103,ComprehensiveIncomeConsolidatedNetIncomeAttributedNonControllingInterest,66452000.0,綜合損益總額歸屬於非控制權益
433,2021-09-30,1103,EPS,1.38,基本每股盈餘（元）
434,2021-12-31,1103,OperatingExpenses,114009000.0,營業費用
435,2021-12-31,1103,TAX,51716000.0,所得稅費用（利益）
436,2021-12-31,1103,IncomeLossFromDiscontinuedOperation,0.0,停業單位損益
437,2021-12-31,1103,PreTaxIncome,119156000.0,稅前淨利（淨損）
438,2021-12-31,1103,IncomeFromContinuingOperations,67440000.0,繼續營業單位本期淨利（淨損）
439,2021-12-31,1103,IncomeAfterTaxes,67440000.0,本期淨利（淨損）
440,2021-12-31,1103,TotalConsolidatedProfitForThePeriod,-1073826000.0,本期綜合損益總額
441,2021-12-31,1103,Revenue,565022000.0,營業收入
442,2021-12-31,1103,CostOfGoodsSold,537278000.0,營業成本
443,2021-12-31,1103,OperatingIncome,-86265000.0,營業利益（損失）
444,2021-12-31,1103,TotalNonoperatingIncomeAndExpense,205421000.0,營業外收入及支出
445,2021-12-31,1103,OtherComprehensiveIncome,-1141266000.0,其他綜合損益（淨額）
446,2021-12-31,1103,OTHNOE,0.0,其他收益及費損淨額
447,2021-12-31,1103,GrossProfit,27744000.0,營業毛利（毛損）
448,2021-12-31,1103,EquityAttributableToOwnersOfParent,60818000.0,淨利（淨損）歸屬於母公司業主
449,2021-12-31,1103,NoncontrollingInterests,6622000.0,淨利（淨損）歸屬於非控制權益
450,2021-12-31,1103,ComprehensiveIncomeConsolidatedNetIncomeAttributedNonControllingInterest,-39789000.0,綜合損益總額歸屬於非控制權益
451,2021-12-31,1103,EPS,0.09,基本每股盈餘（元）
452,2022-03-31,1103,OperatingExpenses,115600000.0,營業費用
453,2022-03-31,1103,TAX,25993000.0,所得稅費用（利益）
454,2022-03-31,1103,EPS,-0.12,基本每股盈餘（元）
455,2022-03-31,1103,PreTaxIncome,-51257000.0,稅前淨利（淨損）
456,2022-03-31,1103,IncomeFromContinuingOperations,-77250000.0,繼續營業單位本期淨利（淨損）
457,2022-03-31,1103,IncomeAfterTaxes,-77250000.0,本期淨利（淨損）
458,2022-03-31,1103,TotalConsolidatedProfitForThePeriod,588461000.0,本期綜合損益總額
459,2022-03-31,1103,Revenue,512577000.0,營業收入
460,2022-03-31,1103,CostOfGoodsSold,497255000.0,營業成本
461,2022-03-31,1103,OperatingIncome,-100278000.0,營業利益（損失）
462,2022-03-31,1103,TotalNonoperatingIncomeAndExpense,49021000.0,營業外收入及支出
463,2022-03-31,1103,OtherComprehensiveIncome,665711000.0,其他綜合損益（淨額）
464,2022-03-31,1103,EquityAttributableToOwnersOfParent,-80636000.0,淨利（淨損）歸屬於母公司業主
465,2022-03-31,1103,NoncontrollingInterests,3386000.0,淨利（淨損）歸屬於非控制權益
466,2022-03-31,1103,GrossProfit,15322000.0,營業毛利（毛損）
467,2022-03-31,1103,ComprehensiveIncomeConsolidatedNetIncomeAttributedNonControllingInterest,32623000.0,綜合損益總額歸屬於非控制權益
468,2022-06-30,1103,OperatingExpenses,110746000.0,營業費用
469,2022-06-30,1103,TAX,176000.0,所得稅費用（利益）
470,2022-06-30,1103,EPS,-0.62,基本每股盈餘（元）
471,2022-06-30,1103,PreTaxIncome,-419086000.0,稅前淨利（淨損）
472,2022-06-30,1103,IncomeFromContinuingOperations,-419262000.0,繼續營業單位本期淨利（淨損）
473,2022-06-30,1103,IncomeAfterTaxes,-419262000.0,本期淨利（淨損）
474,2022-06-30,1103,TotalConsolidatedProfitForThePeriod,-3666050000.0,本期綜合損益總額
475,2022-06-30,1103,Revenue,514786000.0,營業收入
476,2022-06-30,1103,CostOfGoodsSold,518962000.0,營業成本
477,2022-06-30,1103,OperatingIncome,-114922000.0,營業利益（損失）
478,2022-06-30,1103,TotalNonoperatingIncomeAndExpense,-304164000.0,營業外收入及支出
479,2022-06-30,1103,OtherComprehensiveIncome,-3246788000.0,其他綜合損益（淨額）
480,2022-06-30,1103,GrossProfit,-4176000.0,營業毛利（毛損）
481,2022-06-30,1103,EquityAttributableToOwnersOfParent,-400207000.0,淨利（淨損）歸屬於母公司業主
482,2022-06-30,1103,NoncontrollingInterests,-19055000.0,淨利（淨損）歸屬於非控制權益
483,2022-06-30,1103,ComprehensiveIncomeConsolidatedNetIncomeAttributedNonControllingInterest,-143026000.0,綜合損益總額歸屬於非控制權益
484,2022-09-30,1103,OperatingExpenses,152610000.0,營業費用
485,2022-09-30,1103,TAX,17627000.0,所得稅費用（利益）
486,2022-09-30,1103,EPS,0.41,基本每股盈餘（元）
487,2022-09-30,1103,PreTaxIncome,303800000.0,稅前淨利（淨損）
488,2022-09-30,1103,IncomeFromContinuingOperations,286173000.0,繼續營業單位本期淨利（淨損）
489,2022-09-30,1103,IncomeAfterTaxes,286173000.0,本期淨利（淨損）
490,2022-09-30,1103,TotalConsolidatedProfitForThePeriod,-331002000.0,本期綜合損益總額
491,2022-09-30,1103,Revenue,566460000.0,營業收入
492,2022-09-30,1103,CostOfGoodsSold,522802000.0,營業成本
493,2022-09-30,1103,OperatingIncome,-108952000.0,營業利益（損失）
494,2022-09-30,1103,TotalNonoperatingIncomeAndExpense,412752000.0,營業外收入及支出
495,2022-09-30,1103,OtherComprehensiveIncome,-617175000.0,其他綜合損益（淨額）
496,2022-09-30,1103,EquityAttributableToOwnersOfParent,265457000.0,淨利（淨損）歸屬於母公司業主
497,2022-09-30,1103,NoncontrollingInterests,20716000.0,淨利（淨損）歸屬於非控制權益
498,2022-09-30,1103,GrossProfit,43658000.0,營業毛利（毛損）
499,2022-09-30,1103,ComprehensiveIncomeConsolidatedNetIncomeAttributedNonControllingInterest,-351000.0,綜合損益總額歸屬於非控制權益
500,2022-12-31,1103,OperatingExpenses,149000000.0,營業費用
501,2022-12-31,1103,TAX,8788000.0,所得稅費用（利益）
502,2022-12-31,1103,PreTaxIncome,45241000.0,稅前淨利（淨損）
503,2022-12-31,1103,IncomeFromContinuingOperations,36453000.0,繼續營業單位本期淨利（淨損）
504,2022-12-31,1103,IncomeAfterTaxes,36453000.0,本期淨利（淨損）
505,2022-12-31,1103,TotalConsolidatedProfitForThePeriod,-42018000.0,本期綜合損益總額
506,2022-12-31,1103,Revenue,659836000.0,營業收入
507,2022-12-31,1103,CostOfGoodsSold,582054000.0,營業成本
508,2022-12-31,1103,OperatingIncome,-71218000.0,營業利益（損失）
509,2022-12-31,1103,TotalNonoperatingIncomeAndExpense,116459000.0,營業外收入及支出
510,2022-12-31,1103,OtherComprehensiveIncome,-78471000.0,其他綜合損益（淨額）
511,2022-12-31,1103,GrossProfit,77782000.0,營業毛利（毛損）
512,2022-12-31,1103,EquityAttributableToOwnersOfParent,34624000.0,淨利（淨損）歸屬於母公司業主
513,2022-12-31,1103,NoncontrollingInterests,1829000.0,淨利（淨損）歸屬於非控制權益
514,2022-12-31,1103,ComprehensiveIncomeConsolidatedNetIncomeAttributedNonControllingInterest,-4027000.0,綜合損益總額歸屬於非控制權益
515,2022-12-31,1103,EPS,0.05,基本每股盈餘（元）
516,2023-03-31,1103,OperatingExpenses,118932000.0,營業費用
517,2023-03-31,1103,TAX,-412000.0,所得稅費用（利益）
518,2023-03-31,1103,EPS,0.03,基本每股盈餘（元）
519,2023-03-31,1103,PreTaxIncome,25471000.0,稅前淨利（淨損）
520,2023-03-31,1103,IncomeFromContinuingOperations,25883000.0,繼續營業單位本期淨利（淨損）
521,2023-03-31,1103,IncomeAfterTaxes,25883000.0,本期淨利（淨損）
522,2023-03-31,1103,TotalConsolidatedProfitForThePeriod,1005197000.0,本期綜合損益總額
523,2023-03-31,1103,Revenue,651402000.0,營業收入
524,2023-03-31,1103,CostOfGoodsSold,588712000.0,營業成本
525,2023-03-31,1103,OperatingIncome,-56242000.0,營業利益（損失）
526,2023-03-31,1103,TotalNonoperatingIncomeAndExpense,81713000.0,營業外收入及支出
527,2023-03-31,1103,OtherComprehensiveIncome,979314000.0,其他綜合損益（淨額）
528,2023-03-31,1103,EquityAttributableToOwnersOfParent,19993000.0,淨利（淨損）歸屬於母公司業主
529,2023-03-31,1103,NoncontrollingInterests,5890000.0,淨利（淨損）歸屬於非控制權益
530,2023-03-31,1103,GrossProfit,62690000.0,營業毛利（毛損）
531,2023-03-31,1103,ComprehensiveIncomeConsolidatedNetIncomeAttributedNonControllingInterest,41946000.0,綜合損益總額歸屬於非控制權益
532,2023-06-30,1103,OperatingExpenses,122033000.0,營業費用
533,2023-06-30,1103,TAX,-7843000.0,所得稅費用（利益）
534,2023-06-30,1103,EPS,0.0,基本每股盈餘（元）
535,2023-06-30,1103,PreTaxIncome,-7763000.0,稅前淨利（淨損）
536,2023-06-30,1103,IncomeFromContinuingOperations,80000.0,繼續營業單位本期淨利（淨損）
537,2023-06-30,1103,IncomeAfterTaxes,80000.0,本期淨利（淨損）
538,2023-06-30,1103,TotalConsolidatedProfitForThePeriod,649429000.0,本期綜合損益總額
539,2023-06-30,1103,Revenue,725302000.0,營業收入
540,2023-06-30,1103,CostOfGoodsSold,646876000.0,營業成本
541,2023-06-30,1103,OperatingIncome,-43607000.0,營業利益（損失）
542,2023-06-30,1103,TotalNonoperatingIncomeAndExpense,35844000.0,營業外收入及支出
543,2023-06-30,1103,OtherComprehensiveIncome,649349000.0,其他綜合損益（淨額）
544,2023-06-30,1103,EquityAttributableToOwnersOfParent,-1999000.0,淨利（淨損）歸屬於母公司業主
545,2023-06-30,1103,NoncontrollingInterests,2079000.0,淨利（淨損）歸屬於非控制權益
546,2023-06-30,1103,GrossProfit,78426000.0,營業毛利（毛損）
547,2023-06-30,1103,ComprehensiveIncomeConsolidatedNetIncomeAttributedNonControllingInterest,25050000.0,綜合損益總額歸屬於非控制權益
548,2023-09-30,1103,OperatingExpenses,134597000.0,營業費用
549,2023-09-30,1103,TAX,10608000.0,所得稅費用（利益）
550,2023-09-30,1103,EPS,0.18,基本每股盈餘（元）
551,2023-09-30,1103,PreTaxIncome,132186000.0,稅前淨利（淨損）
552,2023-09-30,1103,IncomeFromContinuingOperations,121578000.0,繼續營業單位本期淨利（淨損）
553,2023-09-30,1103,IncomeAfterTaxes,121578000.0,本期淨利（淨損）
554,2023-09-30,1103,TotalConsolidatedProfitForThePeriod,-1457386000.0,本期綜合損益總額
555,2023-09-30,1103,Revenue,738527000.0,營業收入
556,2023-09-30,1103,CostOfGoodsSold,630635000.0,營業成本
557,2023-09-30,1103,OperatingIncome,-26705000.0,營業利益（損失）
558,2023-09-30,1103,TotalNonoperatingIncomeAndExpense,158891000.0,營業外收入及支出
559,2023-09-30,1103,OtherComprehensiveIncome,-1578964000.0,其他綜合損益（淨額）
560,2023-09-30,1103,GrossProfit,107892000.0,營業毛利（毛損）
561,2023-09-30,1103,EquityAttributableToOwnersOfParent,117448000.0,淨利（淨損）歸屬於母公司業主
562,2023-09-30,1103,NoncontrollingInterests,4130000.0,淨利（淨損）歸屬於非控制權益
563,2023-09-30,1103,ComprehensiveIncomeConsolidatedNetIncomeAttributedNonControllingInterest,-53348000.0,綜合損益總額歸屬於非控制權益
564,2023-12-31,1103,OperatingExpenses,138393000.0,營業費用
565,2023-12-31,1103,TAX,-15624000.0,所得稅費用（利益）
566,2023-12-31,1103,EPS,-0.09,基本每股盈餘（元）
567,2023-12-31,1103,PreTaxIncome,-67127000.0,稅前淨利（淨損）
568,2023-12-31,1103,IncomeFromContinuingOperations,-51503000.0,繼續營業單位本期淨利（淨損）
569,2023-12-31,1103,IncomeAfterTaxes,-51503000.0,本期淨利（淨損）
570,2023-12-31,1103,TotalConsolidatedProfitForThePeriod,380448000.0,本期綜合損益總額
571,2023-12-31,1103,Revenue,796352000.0,營業收入
572,2023-12-31,1103,CostOfGoodsSold,678929000.0,營業成本
573,2023-12-31,1103,OperatingIncome,-20970000.0,營業利益（損失）
574,2023-12-31,1103,TotalNonoperatingIncomeAndExpense,-46157000.0,營業外收入及支出
575,2023-12-31,1103,OtherComprehensiveIncome,431951000.0,其他綜合損益（淨額）
576,2023-12-31,1103,EquityAttributableToOwnersOfParent,-54360000.0,淨利（淨損）歸屬於母公司業主
577,2023-12-31,1103,NoncontrollingInterests,2857000.0,淨利（淨損）歸屬於非控制權益
578,2023-12-31,1103,GrossProfit,117423000.0,營業毛利（毛損）
579,2023-12-31,1103,ComprehensiveIncomeConsolidatedNetIncomeAttributedNonControllingInterest,16335000.0,綜合損益總額歸屬於非控制權益
580,2024-03-31,1103,OperatingExpenses,123866000.0,營業費用
581,2024-03-31,1103,TAX,13717000.0,所得稅費用（利益）
582,2024-03-31,1103,EPS,-0.06,基本每股盈餘（元）
583,2024-03-31,1103,PreTaxIncome,-29843000.0,稅前淨利（淨損）
584,2024-03-31,1103,IncomeFromContinuingOperations,-43560000.0,繼續營業單位本期淨利（淨損）
585,2024-03-31,1103,IncomeAfterTaxes,-43560000.0,本期淨利（淨損）
586,2024-03-31,1103,TotalConsolidatedProfitForThePeriod,-853891000.0,本期綜合損益總額
587,2024-03-31,1103,Revenue,699142000.0,營業收入
588,2024-03-31,1103,CostOfGoodsSold,594879000.0,營業成本
589,2024-03-31,1103,OperatingIncome,-19603000.0,營業利益（損失）
590,2024-03-31,1103,TotalNonoperatingIncomeAndExpense,-10240000.0,營業外收入及支出
591,2024-03-31,1103,OtherComprehensiveIncome,-810331000.0,其他綜合損益（淨額）
592,2024-03-31,1103,ComprehensiveIncomeConsolidatedNetIncomeAttributedNonControllingInterest,-33518000.0,綜合損益總額歸屬於非控制權益
593,2024-03-31,1103,NoncontrollingInterests,-4862000.0,淨利（淨損）歸屬於非控制權益
594,2024-03-31,1103,EquityAttributableToOwnersOfParent,-38698000.0,淨利（淨損）歸屬於母公司業主
595,2024-03-31,1103,GrossProfit,104263000.0,營業毛利（毛損）
596,2024-06-30,1103,OperatingExpenses,126107000.0,營業費用
597,2024-06-30,1103,TAX,16164000.0,所得稅費用（利益）
598,2024-06-30,1103,EPS,0.11,基本每股盈餘（元）
599,2024-06-30,1103,PreTaxIncome,91916000.0,稅前淨利（淨損）
600,2024-06-30,1103,IncomeFromContinuingOperations,75752000.0,繼續營業單位本期淨利（淨損）
601,2024-06-30,1103,IncomeAfterTaxes,75752000.0,本期淨利（淨損）
602,2024-06-30,1103,TotalConsolidatedProfitForThePeriod,908727000.0,本期綜合損益總額
603,2024-06-30,1103,Revenue,738302000.0,營業收入
604,2024-06-30,1103,CostOfGoodsSold,619112000.0,營業成本
605,2024-06-30,1103,OperatingIncome,-6917000.0,營業利益（損失）
606,2024-06-30,1103,TotalNonoperatingIncomeAndExpense,98833000.0,營業外收入及支出
607,2024-06-30,1103,OtherComprehensiveIncome,832975000.0,其他綜合損益（淨額）
608,2024-06-30,1103,ComprehensiveIncomeConsolidatedNetIncomeAttributedNonControllingInterest,34307000.0,綜合損益總額歸屬於非控制權益
609,2024-06-30,1103,NoncontrollingInterests,3756000.0,淨利（淨損）歸屬於非控制權益
610,2024-06-30,1103,EquityAttributableToOwnersOfParent,71996000.0,淨利（淨損）歸屬於母公司業主
611,2024-06-30,1103,GrossProfit,119190000.0,營業毛利（毛損）
612,2024-09-30,1103,OperatingExpenses,181858000.0,營業費用
613,2024-09-30,1103,TAX,26863000.0,所得稅費用（利益）
614,2024-09-30,1103,EPS,0.74,基本每股盈餘（元）
615,2024-09-30,1103,PreTaxIncome,537372000.0,稅前淨利（淨損）
616,2024-09-30,1103,IncomeFromContinuingOperations,510509000.0,繼續營業單位本期淨利（淨損）
617,2024-09-30,1103,IncomeAfterTaxes,510509000.0,本期淨利（淨損）
618,2024-09-30,1103,TotalConsolidatedProfitForThePeriod,308602000.0,本期綜合損益總額
619,2024-09-30,1103,Revenue,775735000.0,營業收入
620,2024-09-30,1103,CostOfGoodsSold,648372000.0,營業成本
621,2024-09-30,1103,OperatingIncome,-54495000.0,營業利益（損失）
622,2024-09-30,1103,TotalNonoperatingIncomeAndExpense,591867000.0,營業外收入及支出
623,2024-09-30,1103,OtherComprehensiveIncome,-201907000.0,其他綜合損益（淨額）
624,2024-09-30,1103,ComprehensiveIncomeConsolidatedNetIncomeAttributedNonControllingInterest,17636000.0,綜合損益總額歸屬於非控制權益
625,2024-09-30,1103,NoncontrollingInterests,25912000.0,淨利（淨損）歸屬於非控制權益
626,2024-09-30,1103,EquityAttributableToOwnersOfParent,484597000.0,淨利（淨損）歸屬於母公司業主
627,2024-09-30,1103,GrossProfit,127363000.0,營業毛利（毛損）
628,2024-12-31,1103,OperatingExpenses,155085000.0,營業費用
629,2024-12-31,1103,TAX,-8371000.0,所得稅費用（利益）
630,2024-12-31,1103,PreTaxIncome,-213661000.0,稅前淨利（淨損）
631,2024-12-31,1103,IncomeFromContinuingOperations,-205290000.0,繼續營業單位本期淨利（淨損）
632,2024-12-31,1103,IncomeAfterTaxes,-205290000.0,本期淨利（淨損）
633,2024-12-31,1103,TotalConsolidatedProfitForThePeriod,-873767000.0,本期綜合損益總額
634,2024-12-31,1103,Revenue,772178000.0,營業收入
635,2024-12-31,1103,CostOfGoodsSold,688027000.0,營業成本
636,2024-12-31,1103,OperatingIncome,-70934000.0,營業利益（損失）
637,2024-12-31,1103,TotalNonoperatingIncomeAndExpense,-142727000.0,營業外收入及支出
638,2024-12-31,1103,OtherComprehensiveIncome,-668477000.0,其他綜合損益（淨額）
639,2024-12-31,1103,NoncontrollingInterests,-6975000.0,淨利（淨損）歸屬於非控制權益
640,2024-12-31,1103,ComprehensiveIncomeConsolidatedNetIncomeAttributedNonControllingInterest,-30879000.0,綜合損益總額歸屬於非控制權益
641,2024-12-31,1103,GrossProfit,84151000.0,營業毛利（毛損）
642,2024-12-31,1103,EquityAttributableToOwnersOfParent,-198315000.0,淨利（淨損）歸屬於母公司業主
643,2024-12-31,1103,EPS,-0.31,基本每股盈餘（元）
644,2025-03-31,1103,OperatingExpenses,128918000.0,營業費用
645,2025-03-31,1103,TAX,9938000.0,所得稅費用（利益）
646,2025-03-31,1103,EPS,0.13,基本每股盈餘（元）
647,2025-03-31,1103,PreTaxIncome,95085000.0,稅前淨利（淨損）
648,2025-03-31,1103,IncomeFromContinuingOperations,85147000.0,繼續營業單位本期淨利（淨損）
649,2025-03-31,1103,IncomeAfterTaxes,85147000.0,本期淨利（淨損）
650,2025-03-31,1103,TotalConsolidatedProfitForThePeriod,297809000.0,本期綜合損益總額
651,2025-03-31,1103,Revenue,752475000.0,營業收入
652,2025-03-31,1103,CostOfGoodsSold,631715000.0,營業成本
653,2025-03-31,1103,OperatingIncome,-8158000.0,營業利益（損失）
654,2025-03-31,1103,TotalNonoperatingIncomeAndExpense,103243000.0,營業外收入及支出
655,2025-03-31,1103,OtherComprehensiveIncome,212662000.0,其他綜合損益（淨額）
656,2025-03-31,1103,NoncontrollingInterests,1977000.0,淨利（淨損）歸屬於非控制權益
657,2025-03-31,1103,ComprehensiveIncomeConsolidatedNetIncomeAttributedNonControllingInterest,8518000.0,綜合損益總額歸屬於非控制權益
658,2025-03-31,1103,EquityAttributableToOwnersOfParent,83170000.0,淨利（淨損）歸屬於母公司業主
659,2025-03-31,1103,GrossProfit,120760000.0,營業毛利（毛損）
